{
  "ABIRoot": {
    "kind": "Root",
    "name": "TopLevel",
    "printedName": "TopLevel",
    "children": [
      {
        "kind": "Import",
        "name": "Foundation",
        "printedName": "Foundation",
        "declKind": "Import",
        "moduleName": "voicecall",
        "declAttributes": [
          "RawDocComment"
        ]
      },
      {
        "kind": "Import",
        "name": "SwiftUI",
        "printedName": "SwiftUI",
        "declKind": "Import",
        "moduleName": "voicecall"
      },
      {
        "kind": "Import",
        "name": "Foundation",
        "printedName": "Foundation",
        "declKind": "Import",
        "moduleName": "voicecall",
        "declAttributes": [
          "RawDocComment"
        ]
      },
      {
        "kind": "Import",
        "name": "SwiftUI",
        "printedName": "SwiftUI",
        "declKind": "Import",
        "moduleName": "voicecall"
      },
      {
        "kind": "Import",
        "name": "Kingfisher",
        "printedName": "Kingfisher",
        "declKind": "Import",
        "moduleName": "voicecall",
        "declAttributes": [
          "RawDocComment"
        ]
      },
      {
        "kind": "Import",
        "name": "SwiftUI",
        "printedName": "SwiftUI",
        "declKind": "Import",
        "moduleName": "voicecall"
      },
      {
        "kind": "TypeDecl",
        "name": "VoiceCallScreen",
        "printedName": "VoiceCallScreen",
        "children": [
          {
            "kind": "Constructor",
            "name": "init",
            "printedName": "init()",
            "children": [
              {
                "kind": "TypeNominal",
                "name": "VoiceCallScreen",
                "printedName": "voicecall.VoiceCallScreen",
                "usr": "s:9voicecall15VoiceCallScreenV"
              }
            ],
            "declKind": "Constructor",
            "usr": "s:9voicecall15VoiceCallScreenVACycfc",
            "mangledName": "$s9voicecall15VoiceCallScreenVACycfc",
            "moduleName": "voicecall",
            "declAttributes": [
              "Custom",
              "AccessControl"
            ],
            "init_kind": "Designated"
          },
          {
            "kind": "Var",
            "name": "body",
            "printedName": "body",
            "children": [
              {
                "kind": "TypeNominal",
                "name": "OpaqueTypeArchetype",
                "printedName": "some SwiftUI.View",
                "children": [
                  {
                    "kind": "TypeNominal",
                    "name": "View",
                    "printedName": "SwiftUI.View",
                    "usr": "s:7SwiftUI4ViewP"
                  }
                ]
              }
            ],
            "declKind": "Var",
            "usr": "s:9voicecall15VoiceCallScreenV4bodyQrvp",
            "mangledName": "$s9voicecall15VoiceCallScreenV4bodyQrvp",
            "moduleName": "voicecall",
            "declAttributes": [
              "Custom",
              "AccessControl"
            ],
            "accessors": [
              {
                "kind": "Accessor",
                "name": "Get",
                "printedName": "Get()",
                "children": [
                  {
                    "kind": "TypeNominal",
                    "name": "OpaqueTypeArchetype",
                    "printedName": "some SwiftUI.View",
                    "children": [
                      {
                        "kind": "TypeNominal",
                        "name": "View",
                        "printedName": "SwiftUI.View",
                        "usr": "s:7SwiftUI4ViewP"
                      }
                    ]
                  }
                ],
                "declKind": "Accessor",
                "usr": "s:9voicecall15VoiceCallScreenV4bodyQrvg",
                "mangledName": "$s9voicecall15VoiceCallScreenV4bodyQrvg",
                "moduleName": "voicecall",
                "accessorKind": "get"
              }
            ]
          }
        ],
        "declKind": "Struct",
        "usr": "s:9voicecall15VoiceCallScreenV",
        "mangledName": "$s9voicecall15VoiceCallScreenV",
        "moduleName": "voicecall",
        "declAttributes": [
          "Custom",
          "AccessControl"
        ],
        "conformances": [
          {
            "kind": "Conformance",
            "name": "View",
            "printedName": "View",
            "children": [
              {
                "kind": "TypeWitness",
                "name": "Body",
                "printedName": "Body",
                "children": [
                  {
                    "kind": "TypeNominal",
                    "name": "OpaqueTypeArchetype",
                    "printedName": "some SwiftUI.View",
                    "children": [
                      {
                        "kind": "TypeNominal",
                        "name": "View",
                        "printedName": "SwiftUI.View",
                        "usr": "s:7SwiftUI4ViewP"
                      }
                    ]
                  }
                ]
              }
            ],
            "usr": "s:7SwiftUI4ViewP",
            "mangledName": "$s7SwiftUI4ViewP"
          }
        ]
      },
      {
        "kind": "Import",
        "name": "Foundation",
        "printedName": "Foundation",
        "declKind": "Import",
        "moduleName": "voicecall",
        "declAttributes": [
          "RawDocComment"
        ]
      },
      {
        "kind": "Import",
        "name": "OSLog",
        "printedName": "OSLog",
        "declKind": "Import",
        "moduleName": "voicecall"
      },
      {
        "kind": "Import",
        "name": "Foundation",
        "printedName": "Foundation",
        "declKind": "Import",
        "moduleName": "voicecall",
        "declAttributes": [
          "RawDocComment"
        ]
      },
      {
        "kind": "Import",
        "name": "Foundation",
        "printedName": "Foundation",
        "declKind": "Import",
        "moduleName": "voicecall",
        "declAttributes": [
          "RawDocComment"
        ]
      },
      {
        "kind": "Import",
        "name": "Swinject",
        "printedName": "Swinject",
        "declKind": "Import",
        "moduleName": "voicecall"
      },
      {
        "kind": "Import",
        "name": "SwinjectAutoregistration",
        "printedName": "SwinjectAutoregistration",
        "declKind": "Import",
        "moduleName": "voicecall"
      },
      {
        "kind": "Import",
        "name": "SwiftUI",
        "printedName": "SwiftUI",
        "declKind": "Import",
        "moduleName": "voicecall",
        "declAttributes": [
          "RawDocComment"
        ]
      },
      {
        "kind": "TypeDecl",
        "name": "ScVoiceCallButton",
        "printedName": "ScVoiceCallButton",
        "children": [
          {
            "kind": "Constructor",
            "name": "init",
            "printedName": "init(action:)",
            "children": [
              {
                "kind": "TypeNominal",
                "name": "ScVoiceCallButton",
                "printedName": "voicecall.ScVoiceCallButton",
                "usr": "s:9voicecall17ScVoiceCallButtonV"
              },
              {
                "kind": "TypeFunc",
                "name": "Function",
                "printedName": "() -> ()",
                "children": [
                  {
                    "kind": "TypeNominal",
                    "name": "Void",
                    "printedName": "()"
                  },
                  {
                    "kind": "TypeNominal",
                    "name": "Void",
                    "printedName": "()"
                  }
                ]
              }
            ],
            "declKind": "Constructor",
            "usr": "s:9voicecall17ScVoiceCallButtonV6actionACyyc_tcfc",
            "mangledName": "$s9voicecall17ScVoiceCallButtonV6actionACyyc_tcfc",
            "moduleName": "voicecall",
            "declAttributes": [
              "AccessControl"
            ],
            "init_kind": "Designated"
          },
          {
            "kind": "Var",
            "name": "body",
            "printedName": "body",
            "children": [
              {
                "kind": "TypeNominal",
                "name": "OpaqueTypeArchetype",
                "printedName": "some SwiftUI.View",
                "children": [
                  {
                    "kind": "TypeNominal",
                    "name": "View",
                    "printedName": "SwiftUI.View",
                    "usr": "s:7SwiftUI4ViewP"
                  }
                ]
              }
            ],
            "declKind": "Var",
            "usr": "s:9voicecall17ScVoiceCallButtonV4bodyQrvp",
            "mangledName": "$s9voicecall17ScVoiceCallButtonV4bodyQrvp",
            "moduleName": "voicecall",
            "declAttributes": [
              "Custom",
              "AccessControl"
            ],
            "accessors": [
              {
                "kind": "Accessor",
                "name": "Get",
                "printedName": "Get()",
                "children": [
                  {
                    "kind": "TypeNominal",
                    "name": "OpaqueTypeArchetype",
                    "printedName": "some SwiftUI.View",
                    "children": [
                      {
                        "kind": "TypeNominal",
                        "name": "View",
                        "printedName": "SwiftUI.View",
                        "usr": "s:7SwiftUI4ViewP"
                      }
                    ]
                  }
                ],
                "declKind": "Accessor",
                "usr": "s:9voicecall17ScVoiceCallButtonV4bodyQrvg",
                "mangledName": "$s9voicecall17ScVoiceCallButtonV4bodyQrvg",
                "moduleName": "voicecall",
                "accessorKind": "get"
              }
            ]
          }
        ],
        "declKind": "Struct",
        "usr": "s:9voicecall17ScVoiceCallButtonV",
        "mangledName": "$s9voicecall17ScVoiceCallButtonV",
        "moduleName": "voicecall",
        "declAttributes": [
          "AccessControl"
        ],
        "conformances": [
          {
            "kind": "Conformance",
            "name": "View",
            "printedName": "View",
            "children": [
              {
                "kind": "TypeWitness",
                "name": "Body",
                "printedName": "Body",
                "children": [
                  {
                    "kind": "TypeNominal",
                    "name": "OpaqueTypeArchetype",
                    "printedName": "some SwiftUI.View",
                    "children": [
                      {
                        "kind": "TypeNominal",
                        "name": "View",
                        "printedName": "SwiftUI.View",
                        "usr": "s:7SwiftUI4ViewP"
                      }
                    ]
                  }
                ]
              }
            ],
            "usr": "s:7SwiftUI4ViewP",
            "mangledName": "$s7SwiftUI4ViewP"
          }
        ]
      },
      {
        "kind": "Import",
        "name": "Foundation",
        "printedName": "Foundation",
        "declKind": "Import",
        "moduleName": "voicecall",
        "declAttributes": [
          "RawDocComment"
        ]
      },
      {
        "kind": "Import",
        "name": "SwiftUI",
        "printedName": "SwiftUI",
        "declKind": "Import",
        "moduleName": "voicecall",
        "declAttributes": [
          "RawDocComment"
        ]
      },
      {
        "kind": "Import",
        "name": "Foundation",
        "printedName": "Foundation",
        "declKind": "Import",
        "moduleName": "voicecall",
        "declAttributes": [
          "RawDocComment"
        ]
      },
      {
        "kind": "TypeDecl",
        "name": "VC",
        "printedName": "VC",
        "children": [
          {
            "kind": "Var",
            "name": "shared",
            "printedName": "shared",
            "children": [
              {
                "kind": "TypeNominal",
                "name": "VC",
                "printedName": "voicecall.VC",
                "usr": "s:9voicecall2VCC"
              }
            ],
            "declKind": "Var",
            "usr": "s:9voicecall2VCC6sharedACvpZ",
            "mangledName": "$s9voicecall2VCC6sharedACvpZ",
            "moduleName": "voicecall",
            "static": true,
            "declAttributes": [
              "HasInitialValue",
              "Final",
              "HasStorage",
              "AccessControl"
            ],
            "isLet": true,
            "hasStorage": true,
            "accessors": [
              {
                "kind": "Accessor",
                "name": "Get",
                "printedName": "Get()",
                "children": [
                  {
                    "kind": "TypeNominal",
                    "name": "VC",
                    "printedName": "voicecall.VC",
                    "usr": "s:9voicecall2VCC"
                  }
                ],
                "declKind": "Accessor",
                "usr": "s:9voicecall2VCC6sharedACvgZ",
                "mangledName": "$s9voicecall2VCC6sharedACvgZ",
                "moduleName": "voicecall",
                "static": true,
                "implicit": true,
                "declAttributes": [
                  "Final"
                ],
                "accessorKind": "get"
              }
            ]
          },
          {
            "kind": "Function",
            "name": "registerVoipTokenAsync",
            "printedName": "registerVoipTokenAsync(token:)",
            "children": [
              {
                "kind": "TypeNominal",
                "name": "Void",
                "printedName": "()"
              },
              {
                "kind": "TypeNominal",
                "name": "String",
                "printedName": "Swift.String",
                "usr": "s:SS"
              }
            ],
            "declKind": "Func",
            "usr": "s:9voicecall2VCC22registerVoipTokenAsync5tokenySS_tYaF",
            "mangledName": "$s9voicecall2VCC22registerVoipTokenAsync5tokenySS_tYaF",
            "moduleName": "voicecall",
            "declAttributes": [
              "AccessControl"
            ],
            "funcSelfKind": "NonMutating"
          },
          {
            "kind": "Function",
            "name": "deRegisterVoipTokenAsync",
            "printedName": "deRegisterVoipTokenAsync()",
            "children": [
              {
                "kind": "TypeNominal",
                "name": "Void",
                "printedName": "()"
              }
            ],
            "declKind": "Func",
            "usr": "s:9voicecall2VCC24deRegisterVoipTokenAsyncyyYaF",
            "mangledName": "$s9voicecall2VCC24deRegisterVoipTokenAsyncyyYaF",
            "moduleName": "voicecall",
            "declAttributes": [
              "AccessControl"
            ],
            "funcSelfKind": "NonMutating"
          }
        ],
        "declKind": "Class",
        "usr": "s:9voicecall2VCC",
        "mangledName": "$s9voicecall2VCC",
        "moduleName": "voicecall",
        "declAttributes": [
          "AccessControl"
        ],
        "hasMissingDesignatedInitializers": true
      },
      {
        "kind": "Import",
        "name": "Foundation",
        "printedName": "Foundation",
        "declKind": "Import",
        "moduleName": "voicecall",
        "declAttributes": [
          "RawDocComment"
        ]
      },
      {
        "kind": "Import",
        "name": "AVFoundation",
        "printedName": "AVFoundation",
        "declKind": "Import",
        "moduleName": "voicecall",
        "declAttributes": [
          "RawDocComment"
        ]
      },
      {
        "kind": "Import",
        "name": "Foundation",
        "printedName": "Foundation",
        "declKind": "Import",
        "moduleName": "voicecall"
      },
      {
        "kind": "Import",
        "name": "VonageClientSDKCore",
        "printedName": "VonageClientSDKCore",
        "declKind": "Import",
        "moduleName": "voicecall"
      },
      {
        "kind": "Import",
        "name": "VonageClientSDKVoice",
        "printedName": "VonageClientSDKVoice",
        "declKind": "Import",
        "moduleName": "voicecall"
      },
      {
        "kind": "Import",
        "name": "SwiftUI",
        "printedName": "SwiftUI",
        "declKind": "Import",
        "moduleName": "voicecall",
        "declAttributes": [
          "RawDocComment"
        ]
      },
      {
        "kind": "Import",
        "name": "SwiftUI",
        "printedName": "SwiftUI",
        "declKind": "Import",
        "moduleName": "voicecall",
        "declAttributes": [
          "RawDocComment"
        ]
      },
      {
        "kind": "Import",
        "name": "SwiftUI",
        "printedName": "SwiftUI",
        "declKind": "Import",
        "moduleName": "voicecall",
        "declAttributes": [
          "RawDocComment"
        ]
      },
      {
        "kind": "Import",
        "name": "Foundation",
        "printedName": "Foundation",
        "declKind": "Import",
        "moduleName": "voicecall",
        "declAttributes": [
          "RawDocComment"
        ]
      },
      {
        "kind": "Import",
        "name": "Foundation",
        "printedName": "Foundation",
        "declKind": "Import",
        "moduleName": "voicecall",
        "declAttributes": [
          "RawDocComment"
        ]
      },
      {
        "kind": "Import",
        "name": "Foundation",
        "printedName": "Foundation",
        "declKind": "Import",
        "moduleName": "voicecall"
      },
      {
        "kind": "Import",
        "name": "UIKit",
        "printedName": "UIKit",
        "declKind": "Import",
        "moduleName": "voicecall"
      },
      {
        "kind": "Import",
        "name": "SwiftUI",
        "printedName": "SwiftUI",
        "declKind": "Import",
        "moduleName": "voicecall"
      },
      {
        "kind": "Import",
        "name": "DeveloperToolsSupport",
        "printedName": "DeveloperToolsSupport",
        "declKind": "Import",
        "moduleName": "voicecall"
      }
    ],
    "json_format_version": 8
  },
  "ConstValues": [
    {
      "filePath": "\/Users\/runner\/work\/SC-VOICE-CALL-iOS-SDK\/SC-VOICE-CALL-iOS-SDK\/voicecall\/Model\/ScVoiceConfig.swift",
      "kind": "StringLiteral",
      "offset": 295,
      "length": 14,
      "value": "\"defaultImage\""
    },
    {
      "filePath": "\/Users\/runner\/work\/SC-VOICE-CALL-iOS-SDK\/SC-VOICE-CALL-iOS-SDK\/voicecall\/Model\/ScVoiceConfig.swift",
      "kind": "StringLiteral",
      "offset": 316,
      "length": 12,
      "value": "\"defaultURL\""
    },
    {
      "filePath": "\/Users\/runner\/work\/SC-VOICE-CALL-iOS-SDK\/SC-VOICE-CALL-iOS-SDK\/voicecall\/Model\/ScVoiceConfig.swift",
      "kind": "IntegerLiteral",
      "offset": 348,
      "length": 3,
      "value": "100"
    },
    {
      "filePath": "\/Users\/runner\/work\/SC-VOICE-CALL-iOS-SDK\/SC-VOICE-CALL-iOS-SDK\/voicecall\/Model\/ScVoiceConfig.swift",
      "kind": "IntegerLiteral",
      "offset": 361,
      "length": 3,
      "value": "100"
    },
    {
      "filePath": "\/Users\/runner\/work\/SC-VOICE-CALL-iOS-SDK\/SC-VOICE-CALL-iOS-SDK\/voicecall\/Model\/ScVoiceConfig.swift",
      "kind": "StringLiteral",
      "offset": 428,
      "length": 9,
      "value": "\"#FF0000\""
    },
    {
      "filePath": "\/Users\/runner\/work\/SC-VOICE-CALL-iOS-SDK\/SC-VOICE-CALL-iOS-SDK\/voicecall\/Model\/ScVoiceConfig.swift",
      "kind": "StringLiteral",
      "offset": 451,
      "length": 9,
      "value": "\"#FF0000\""
    },
    {
      "filePath": "\/Users\/runner\/work\/SC-VOICE-CALL-iOS-SDK\/SC-VOICE-CALL-iOS-SDK\/voicecall\/Model\/ScVoiceConfig.swift",
      "kind": "StringLiteral",
      "offset": 526,
      "length": 9,
      "value": "\"#FF0000\""
    },
    {
      "filePath": "\/Users\/runner\/work\/SC-VOICE-CALL-iOS-SDK\/SC-VOICE-CALL-iOS-SDK\/voicecall\/Model\/ScVoiceConfig.swift",
      "kind": "StringLiteral",
      "offset": 549,
      "length": 9,
      "value": "\"#FF0000\""
    },
    {
      "filePath": "\/Users\/runner\/work\/SC-VOICE-CALL-iOS-SDK\/SC-VOICE-CALL-iOS-SDK\/voicecall\/Model\/ScVoiceConfig.swift",
      "kind": "StringLiteral",
      "offset": 601,
      "length": 9,
      "value": "\"#FFFFFF\""
    },
    {
      "filePath": "\/Users\/runner\/work\/SC-VOICE-CALL-iOS-SDK\/SC-VOICE-CALL-iOS-SDK\/voicecall\/VoiceCallScreen.swift",
      "kind": "BooleanLiteral",
      "offset": 198,
      "length": 4,
      "value": "true"
    },
    {
      "filePath": "\/Users\/runner\/work\/SC-VOICE-CALL-iOS-SDK\/SC-VOICE-CALL-iOS-SDK\/voicecall\/VoiceCallScreen.swift",
      "kind": "BooleanLiteral",
      "offset": 243,
      "length": 4,
      "value": "true"
    },
    {
      "filePath": "\/Users\/runner\/work\/SC-VOICE-CALL-iOS-SDK\/SC-VOICE-CALL-iOS-SDK\/voicecall\/VoiceCallScreen.swift",
      "kind": "BooleanLiteral",
      "offset": 288,
      "length": 5,
      "value": "false"
    },
    {
      "filePath": "\/Users\/runner\/work\/SC-VOICE-CALL-iOS-SDK\/SC-VOICE-CALL-iOS-SDK\/voicecall\/Services\/Implementations\/LoggerService.swift",
      "kind": "IntegerLiteral",
      "offset": 219,
      "length": 1,
      "value": "0"
    },
    {
      "filePath": "\/Users\/runner\/work\/SC-VOICE-CALL-iOS-SDK\/SC-VOICE-CALL-iOS-SDK\/voicecall\/Services\/Implementations\/LoggerService.swift",
      "kind": "IntegerLiteral",
      "offset": 237,
      "length": 1,
      "value": "1"
    },
    {
      "filePath": "\/Users\/runner\/work\/SC-VOICE-CALL-iOS-SDK\/SC-VOICE-CALL-iOS-SDK\/voicecall\/Services\/Implementations\/LoggerService.swift",
      "kind": "IntegerLiteral",
      "offset": 253,
      "length": 1,
      "value": "2"
    },
    {
      "filePath": "\/Users\/runner\/work\/SC-VOICE-CALL-iOS-SDK\/SC-VOICE-CALL-iOS-SDK\/voicecall\/Services\/Implementations\/LoggerService.swift",
      "kind": "IntegerLiteral",
      "offset": 275,
      "length": 1,
      "value": "3"
    },
    {
      "filePath": "\/Users\/runner\/work\/SC-VOICE-CALL-iOS-SDK\/SC-VOICE-CALL-iOS-SDK\/voicecall\/Services\/Implementations\/LoggerService.swift",
      "kind": "IntegerLiteral",
      "offset": 219,
      "length": 1,
      "value": "0"
    },
    {
      "filePath": "\/Users\/runner\/work\/SC-VOICE-CALL-iOS-SDK\/SC-VOICE-CALL-iOS-SDK\/voicecall\/Services\/Implementations\/LoggerService.swift",
      "kind": "IntegerLiteral",
      "offset": 237,
      "length": 1,
      "value": "1"
    },
    {
      "filePath": "\/Users\/runner\/work\/SC-VOICE-CALL-iOS-SDK\/SC-VOICE-CALL-iOS-SDK\/voicecall\/Services\/Implementations\/LoggerService.swift",
      "kind": "IntegerLiteral",
      "offset": 253,
      "length": 1,
      "value": "2"
    },
    {
      "filePath": "\/Users\/runner\/work\/SC-VOICE-CALL-iOS-SDK\/SC-VOICE-CALL-iOS-SDK\/voicecall\/Services\/Implementations\/LoggerService.swift",
      "kind": "IntegerLiteral",
      "offset": 275,
      "length": 1,
      "value": "3"
    },
    {
      "filePath": "\/Users\/runner\/work\/SC-VOICE-CALL-iOS-SDK\/SC-VOICE-CALL-iOS-SDK\/voicecall\/Services\/Implementations\/LoggerService.swift",
      "kind": "IntegerLiteral",
      "offset": 219,
      "length": 1,
      "value": "0"
    },
    {
      "filePath": "\/Users\/runner\/work\/SC-VOICE-CALL-iOS-SDK\/SC-VOICE-CALL-iOS-SDK\/voicecall\/Services\/Implementations\/LoggerService.swift",
      "kind": "IntegerLiteral",
      "offset": 237,
      "length": 1,
      "value": "1"
    },
    {
      "filePath": "\/Users\/runner\/work\/SC-VOICE-CALL-iOS-SDK\/SC-VOICE-CALL-iOS-SDK\/voicecall\/Services\/Implementations\/LoggerService.swift",
      "kind": "IntegerLiteral",
      "offset": 253,
      "length": 1,
      "value": "2"
    },
    {
      "filePath": "\/Users\/runner\/work\/SC-VOICE-CALL-iOS-SDK\/SC-VOICE-CALL-iOS-SDK\/voicecall\/Services\/Implementations\/LoggerService.swift",
      "kind": "IntegerLiteral",
      "offset": 275,
      "length": 1,
      "value": "3"
    },
    {
      "filePath": "\/Users\/runner\/work\/SC-VOICE-CALL-iOS-SDK\/SC-VOICE-CALL-iOS-SDK\/voicecall\/Services\/Implementations\/LoggerService.swift",
      "kind": "Array",
      "offset": 1183,
      "length": 2,
      "value": "[]"
    },
    {
      "filePath": "\/Users\/runner\/work\/SC-VOICE-CALL-iOS-SDK\/SC-VOICE-CALL-iOS-SDK\/voicecall\/Services\/Implementations\/LoggerService.swift",
      "kind": "StringLiteral",
      "offset": 1222,
      "length": 7,
      "value": "\" $$$ \""
    },
    {
      "filePath": "\/Users\/runner\/work\/SC-VOICE-CALL-iOS-SDK\/SC-VOICE-CALL-iOS-SDK\/voicecall\/VoiceCallScreenViewModel.swift",
      "kind": "BooleanLiteral",
      "offset": 206,
      "length": 5,
      "value": "false"
    },
    {
      "filePath": "\/Users\/runner\/work\/SC-VOICE-CALL-iOS-SDK\/SC-VOICE-CALL-iOS-SDK\/voicecall\/VoiceCallScreenViewModel.swift",
      "kind": "IntegerLiteral",
      "offset": 633,
      "length": 1,
      "value": "0"
    },
    {
      "filePath": "\/Users\/runner\/work\/SC-VOICE-CALL-iOS-SDK\/SC-VOICE-CALL-iOS-SDK\/voicecall\/VoiceCallScreenViewModel.swift",
      "kind": "StringLiteral",
      "offset": 670,
      "length": 7,
      "value": "\"00:00\""
    },
    {
      "filePath": "\/Users\/runner\/work\/SC-VOICE-CALL-iOS-SDK\/SC-VOICE-CALL-iOS-SDK\/voicecall\/KeyPadView.swift",
      "kind": "Array",
      "offset": 384,
      "length": 79,
      "value": "[[\"1\", \"2\", \"3\"], [\"4\", \"5\", \"6\"], [\"7\", \"8\", \"9\"], [\"*\", \"0\", \"#\"]]"
    },
    {
      "filePath": "\/Users\/runner\/work\/SC-VOICE-CALL-iOS-SDK\/SC-VOICE-CALL-iOS-SDK\/voicecall\/VC.swift",
      "kind": "StringLiteral",
      "offset": 261,
      "length": 17,
      "value": "\"sc-voice-config\""
    },
    {
      "filePath": "\/Users\/runner\/work\/SC-VOICE-CALL-iOS-SDK\/SC-VOICE-CALL-iOS-SDK\/voicecall\/Services\/Implementations\/VoiceCallService.swift",
      "kind": "StringLiteral",
      "offset": 191,
      "length": 16,
      "value": "\"voicecall.VoiceCallService\""
    },
    {
      "filePath": "\/Users\/runner\/work\/SC-VOICE-CALL-iOS-SDK\/SC-VOICE-CALL-iOS-SDK\/voicecall\/RoundButtonWithText.swift",
      "kind": "StringLiteral",
      "offset": 390,
      "length": 2,
      "value": "\"\""
    },
    {
      "filePath": "\/Users\/runner\/work\/SC-VOICE-CALL-iOS-SDK\/SC-VOICE-CALL-iOS-SDK\/voicecall\/RoundButtonWithText.swift",
      "kind": "IntegerLiteral",
      "offset": 443,
      "length": 2,
      "value": "54"
    },
    {
      "filePath": "\/Users\/runner\/work\/SC-VOICE-CALL-iOS-SDK\/SC-VOICE-CALL-iOS-SDK\/voicecall\/RoundButtonWithText.swift",
      "kind": "StringLiteral",
      "offset": 1023,
      "length": 2,
      "value": "\"\""
    },
    {
      "filePath": "\/Users\/runner\/work\/SC-VOICE-CALL-iOS-SDK\/SC-VOICE-CALL-iOS-SDK\/voicecall\/RoundButtonWithImage.swift",
      "kind": "StringLiteral",
      "offset": 323,
      "length": 2,
      "value": "\"\""
    },
    {
      "filePath": "\/Users\/runner\/work\/SC-VOICE-CALL-iOS-SDK\/SC-VOICE-CALL-iOS-SDK\/voicecall\/RoundButtonWithImage.swift",
      "kind": "IntegerLiteral",
      "offset": 345,
      "length": 2,
      "value": "54"
    },
    {
      "filePath": "\/Users\/runner\/work\/SC-VOICE-CALL-iOS-SDK\/SC-VOICE-CALL-iOS-SDK\/voicecall\/RoundButtonWithImageAndText.swift",
      "kind": "StringLiteral",
      "offset": 377,
      "length": 2,
      "value": "\"\""
    },
    {
      "filePath": "\/Users\/runner\/work\/SC-VOICE-CALL-iOS-SDK\/SC-VOICE-CALL-iOS-SDK\/voicecall\/RoundButtonWithImageAndText.swift",
      "kind": "IntegerLiteral",
      "offset": 399,
      "length": 2,
      "value": "54"
    },
    {
      "filePath": "\/Users\/runner\/work\/SC-VOICE-CALL-iOS-SDK\/SC-VOICE-CALL-iOS-SDK\/voicecall\/RoundButtonWithImageAndText.swift",
      "kind": "StringLiteral",
      "offset": 1094,
      "length": 2,
      "value": "\"\""
    },
    {
      "filePath": "\/Users\/runner\/work\/SC-VOICE-CALL-iOS-SDK\/SC-VOICE-CALL-iOS-SDK\/voicecall\/RoundButtonWithImageAndText.swift",
      "kind": "StringLiteral",
      "offset": 1105,
      "length": 2,
      "value": "\"\""
    },
    {
      "filePath": "\/Users\/runner\/work\/SC-VOICE-CALL-iOS-SDK\/SC-VOICE-CALL-iOS-SDK\/voicecall\/Wrappers\/DateWrapper.swift",
      "kind": "StringLiteral",
      "offset": 594,
      "length": 21,
      "value": "\"yyyy-MM-dd HH:mm:ss\""
    }
  ]
}